|
|"Salon Kosmetyczny Izabela Kapciak"
|"Salon Kosmetyczny Izabela Kapciak"|"Chęcińska 5 lok. 4U"
|"Salon Kosmetyczny Izabela Kapciak"|"Chęcińska 5 lok. 4U"|25-020
|"Salon Kosmetyczny Izabela Kapciak"|"Chęcińska 5 lok. 4U"|25020
|"Salon Kosmetyczny Izabela Kapciak"|"Chęcińska 5 lok. 4U"|25020|
|"Salon Kosmetyczny Izabela Kapciak"|"Chęcińska 5 lok. 4U"|25020|Kielce
|"Salon Kosmetyczny Izabela Kapciak"|"Chęcińska 5 lok. 4U"|25020|Kielce|"41 343 18 07"
|"Salon Kosmetyczny Izabela Kapciak"|"Chęcińska 5 lok. 4U"|25020|Kielce|"41 343 18 07"|izakap@onet.pl
|"Salon Kosmetyczny Izabela Kapciak"|"Chęcińska 5 lok. 4U"|25020|Kielce|"41 343 18 07"|izakap@onet.pl|www.skosik.pl
"Salony kosmetyczne"|"Salon Kosmetyczny Izabela Kapciak"|"Chęcińska 5 lok. 4U"|25020|Kielce|"41 343 18 07"|izakap@onet.pl|www.skosik.pl
